page_id_from	page_title_from	page_id_to	page_title_to
11	Autopoiese	4448	System
12	A.A.	160	Aleister Crowley
13	Liste von Autoren/A	2372	Isaac Asimov
13	Liste von Autoren/A	5492	Woody Allen
15	Liste von Autoren/C	160	Aleister Crowley
15	Liste von Autoren/C	1059	Douglas Coupland
16	Liste von Autoren/I	2483	John Irving
18	Liste von Autoren/J	2486	Jean Paul
19	Liste von Autoren/V	5386	Vergil
38	Anthony Minghella	3686	Oscar
53	Abkürzungen/Gesetze und Recht	4202	Recht
54	Liste von Abkürzungen (Computer)	2653	Künstliche Intelligenz
54	Liste von Abkürzungen (Computer)	5114	Tcl
76	Achsensprung (Film)	1569	Frame
77	Alfred Hitchcock	5867	1980
77	Alfred Hitchcock	5878	29. April
77	Alfred Hitchcock	78	Auteur-Theorie
77	Alfred Hitchcock	3003238	England
77	Alfred Hitchcock	2128	Hollywood
77	Alfred Hitchcock	4500	Suspense
78	Auteur-Theorie	2474	Jean-Luc Godard
81	Anime	5755	Zeichentrickfilm
82	Actionfilm	3165	Martial-Arts-Film
83	Al Pacino	3686	Oscar
89	The Visitors	869442	ABBA
93	Aluminium	1304	Elektronenkonfiguration
93	Aluminium	2936	Leichtmetalle
93	Aluminium	3517	Neon
93	Aluminium	3702	Ordnungszahl
95	Antimon	1304	Elektronenkonfiguration
95	Antimon	2634	Krypton
95	Antimon	3702	Ordnungszahl
96	Argon	1252	Edelgase
96	Argon	1304	Elektronenkonfiguration
96	Argon	3517	Neon
96	Argon	3702	Ordnungszahl
97	Arsen	96	Argon
97	Arsen	1304	Elektronenkonfiguration
97	Arsen	3702	Ordnungszahl
98	Astat	1304	Elektronenkonfiguration
98	Astat	2136	Halogene
98	Astat	3702	Ordnungszahl
98	Astat	5729	Xenon
99	Alkalimetalle	1577	Francium
99	Alkalimetalle	2136	Halogene
99	Alkalimetalle	2633	Kalium
99	Alkalimetalle	2936	Leichtmetalle
99	Alkalimetalle	2932	Lithium
99	Alkalimetalle	3840	Periodensystem
99	Alkalimetalle	4229	Rubidium
100	Actinoide	3	Actinium
101	Americium	1304	Elektronenkonfiguration
101	Americium	3702	Ordnungszahl
101	Americium	2661504	Radon
101	Americium	5039	Transurane
109	Anthony Hope	1022	Der Gefangene von Zenda
110	Ångström (Einheit)	3170	Meter
112	Acre	3170	Meter
112	Acre	4233	Rood
113	Apostilb	4560	Stilb
114	Ar (Einheit)	3170	Meter
115	Arbeit (Sozialwissenschaften)	5761	Zeit
116	Atomare Masseneinheit	1813	Gramm
116	Atomare Masseneinheit	3171	Mol
118	Anglizismus	817	Chat
127	Albigenser	3191	Manichäismus
143	Ariel Sharon	688984	Israel
143	Ariel Sharon	3847	Politiker
148	Ankara	852604	Türkei
149	Atheismus	581	Buddhismus
149	Atheismus	1850	Gott
152	Atmosphäre (Astronomie)	3717	Ozonschicht
153	Arvo Pärt	2552494	Berlin
160	Aleister Crowley	2666	Kairo
172	Arbeitskampf	177	Aussperrung
173	Asien	688984	Israel
173	Asien	2688	Korea
173	Asien	852604	Türkei
175	Arbeitsrecht (Deutschland)	177	Aussperrung
175	Arbeitsrecht (Deutschland)	5598	Warnstreik
179	Augustus	5123	Tiberius
183	Architektur (Informatik)	5400	Vitruvius
192	Andrei Dmitrijewitsch Linde	2700	Kosmologe
193	Apple	2943560	MacOS
193	Apple	4493	Steve Jobs
460	Brandenburg (Begriffsklärung)	1497705	Deutschland
461	Bundesrepublik	1497705	Deutschland
467	Bruce Willis	3915	Pulp Fiction
470	Binär	1831	Gottfried Wilhelm Leibniz
474	Richard Buckminster Fuller	3903	Platonischer Körper
474	Richard Buckminster Fuller	5112	Tetraeder
475	Bayern	857	Coburg
475	Bayern	1497705	Deutschland
475	Bayern	1283	Edmund Stoiber
475	Bayern	2983	Landkreis Cham
475	Bayern	3215	München
481	Barry Levinson	3686	Oscar
482	Bernardo Bertolucci	3686	Oscar
485	Internationale Filmfestspiele Berlin	2552494	Berlin
486	Bundesbeauftragter für die Stasi-Unterlagen	2477	Joachim Gauck
488	Bor	1304	Elektronenkonfiguration
488	Bor	2135	Helium
488	Bor	3702	Ordnungszahl
489	Barium	1304	Elektronenkonfiguration
489	Barium	692604	Erdalkalimetalle
489	Barium	3702	Ordnungszahl
489	Barium	5729	Xenon
490	Beryllium	1304	Elektronenkonfiguration
490	Beryllium	692604	Erdalkalimetalle
490	Beryllium	2135	Helium
490	Beryllium	3702	Ordnungszahl
491	Berkelium	1304	Elektronenkonfiguration
491	Berkelium	3702	Ordnungszahl
491	Berkelium	2661504	Radon
491	Berkelium	5039	Transurane
492	Blei	1304	Elektronenkonfiguration
492	Blei	3702	Ordnungszahl
492	Blei	4540	Schwermetalle
492	Blei	5729	Xenon
493	Brom	96	Argon
493	Brom	1304	Elektronenkonfiguration
493	Brom	2136	Halogene
493	Brom	3702	Ordnungszahl
495	Barn	3170	Meter
496	Bar	3170	Meter
496	Bar	3527	Newton (Einheit)
499	Barrel	2943	Liter
500	Bushel	2943	Liter
501	British thermal unit	2637	Kalorie
503	Benoît Mandelbrot	1564	Fraktal
503	Benoît Mandelbrot	3242	Mandelbrot-Menge
505	Betäubungsmittelgesetz (Deutschland)	506	BRD
506	BRD	461	Bundesrepublik
506	BRD	1497705	Deutschland
529	Brian Eno	1284	Elektronische Musik
536	Billy Bob Thornton	137	Angelina Jolie
539	Baryonyx	1063	Dinosaurier
547	Blues	4260	Rock and Roll
549	Berliner Mauer	5859	1961
549	Berliner Mauer	2552494	Berlin
549	Berliner Mauer	1497705	Deutschland
550	Bosporus	2358	Istanbul
550	Bosporus	3224	Meerenge
552	Buenos Aires	2180	Hauptstadt
554	Bremen	1497705	Deutschland
557	Basketball	5846	19. Jahrhundert
560	Biochemie	1870	Genetik
568	Belle Boyd	5121	Thomas Jonathan Jackson
572	Bevölkerung	1497705	Deutschland
579	Börse	5849	16. Jahrhundert
579	Börse	2552494	Berlin
579	Börse	554	Bremen
579	Börse	1497705	Deutschland
579	Börse	2129	Hamburg
579	Börse	3215	München
579	Börse	5079	Tokio
580	Baryon	1259	Elektronenvolt
580	Baryon	2513	Jahr
580	Baryon	3523	Neutron
580	Baryon	3858	Proton
580	Baryon	4181	Quark
581	Buddhismus	3723464	Dalai Lama
784	Hauptprozessor	3176	Mikroprozessor
788	Cher (Begriffsklärung)	3686	Oscar
794	Clint Eastwood	3686	Oscar
796	Cadrage (Film)	1569	Frame
800	Charlie Chaplin	3003238	England
800	Charlie Chaplin	3167	Mack Sennett
800	Charlie Chaplin	4626	Schauspieler
802	Calcium	96	Argon
802	Calcium	1304	Elektronenkonfiguration
802	Calcium	692604	Erdalkalimetalle
802	Calcium	3702	Ordnungszahl
803	Cadmium	1304	Elektronenkonfiguration
803	Cadmium	2634	Krypton
803	Cadmium	3702	Ordnungszahl
804	Cer	1304	Elektronenkonfiguration
804	Cer	3702	Ordnungszahl
804	Cer	5729	Xenon
805	Californium	1304	Elektronenkonfiguration
805	Californium	3702	Ordnungszahl
805	Californium	2661504	Radon
805	Californium	5039	Transurane
807	Curium	1304	Elektronenkonfiguration
807	Curium	3702	Ordnungszahl
807	Curium	2661504	Radon
807	Curium	5039	Transurane
809	Caesium	99	Alkalimetalle
809	Caesium	1304	Elektronenkonfiguration
809	Caesium	3702	Ordnungszahl
809	Caesium	5729	Xenon
810	Chalkogene	3840	Periodensystem
810	Chalkogene	3853	Polonium
810	Chalkogene	4547	Schwefel
810	Chalkogene	4544	Selen
810	Chalkogene	5046	Tellur
811	Coverband	869442	ABBA
812	Centimeter	3170	Meter
813	Chain	2942	Link (Einheit)
813	Chain	3170	Meter
814	Coulomb	111	Ampere
816	Curie (Einheit)	1813	Gramm
816	Curie (Einheit)	2661504	Radon
820	Chirurgie	1835	Gefäßchirurgie
820	Chirurgie	5312	Unfallchirurgie
820	Chirurgie	5385	Viszeralchirurgie
830	Computersystem	2182	Hardware
831	Computersicherheit	830	Computersystem
831	Computersicherheit	2694	Kryptographie
839	Christliche Demokratische Union	1497705	Deutschland
841	Carl Schmitt	1497705	Deutschland
845	Caligula	179	Augustus
845	Caligula	5123	Tiberius
846	Cent (Musik)	1071	Dollar
852	Clyde Tombaugh	5829	1939
856	Zytologie	2994	Lebewesen
856	Zytologie	4293	Ribosom
856	Zytologie	4448	System
857	Coburg	475	Bayern
1001	Welt am Draht	4205	Rainer Werner Fassbinder
1002	Differenz (Systemtheorie)	3508	Niklas Luhmann
1015	David Wark Griffith	800	Charlie Chaplin
1015	David Wark Griffith	3166	Mary Pickford
1018	Dysprosium	1304	Elektronenkonfiguration
1018	Dysprosium	2934	Lanthanoide
1018	Dysprosium	3702	Ordnungszahl
1018	Dysprosium	5729	Xenon
1021	Deutsche Bundesbank	1497705	Deutschland
1021	Deutsche Bundesbank	5760	Zentralbank
1022	Der Gefangene von Zenda	109	Anthony Hope
1023	Dyn (Einheit)	1813	Gramm
1023	Dyn (Einheit)	3170	Meter
1024	Dram	1025	Drachm
1024	Dram	1813	Gramm
1025	Drachm	1024	Dram
1025	Drachm	1813	Gramm
1029	Diät	1795	Gesundheit
1029	Diät	2147	Heilverfahren
1029	Diät	2956	Lebensmittel
1034	Deskriptive Linguistik	3881	Phonetik
1034	Deskriptive Linguistik	3882	Phonologie
1047	Dave Brubeck	4258	Rotes Kreuz
1049	Krieg der USA gegen den Terrorismus	1050	Dschalalabad
1049	Krieg der USA gegen den Terrorismus	3709	Osama bin Laden
1049	Krieg der USA gegen den Terrorismus	5070	Taliban
1049	Krieg der USA gegen den Terrorismus	5065	Terrorismus
1055	Deutschsprachiger Raum	1497705	Deutschland
1062	Demokrit	2988	Leukippos
1062	Demokrit	2191908	Philosoph
1063	Dinosaurier	155612	Albertosaurus
1063	Dinosaurier	539	Baryonyx
1068	Dogma 95	1069	Das Fest
1068	Dogma 95	2682	Kopenhagen
1068	Dogma 95	2918	Lars von Trier
1069	Das Fest	2918	Lars von Trier
1071	Dollar	3531	Neuseeland
1080	Dynamisches HTML	858	CSS
1081	Darwin (Begriffsklärung)	584	BSD
1239	Esoterik	1626	Feng Shui
1239	Esoterik	1796	Glaube
1239	Esoterik	3697	Orakel
1240	Esperanto	2962	Linguist
1240	Esperanto	3881	Phonetik
1241	Edgar G. Ulmer	4218	Robert Siodmak
1243	Eisenhüttenstadt	2552494	Berlin
1244	Einstellungsgröße	1242	Establishing Shot
1244	Einstellungsgröße	5543	Western
1246	Erbium	1304	Elektronenkonfiguration
1246	Erbium	2934	Lanthanoide
1246	Erbium	3702	Ordnungszahl
1246	Erbium	5729	Xenon
1247	Einsteinium	1304	Elektronenkonfiguration
1247	Einsteinium	3702	Ordnungszahl
1247	Einsteinium	2661504	Radon
1247	Einsteinium	5039	Transurane
1248	Europium	1304	Elektronenkonfiguration
1248	Europium	2934	Lanthanoide
1248	Europium	3702	Ordnungszahl
1248	Europium	5729	Xenon
1250	Edelmetalle	1809	Gold
1250	Edelmetalle	3701	Osmium
1250	Edelmetalle	3851	Palladium
1250	Edelmetalle	3850	Platin
1250	Edelmetalle	4176	Quecksilber
1250	Edelmetalle	4227	Rhenium
1250	Edelmetalle	4225	Rhodium
1250	Edelmetalle	4226	Ruthenium
1250	Edelmetalle	4540	Schwermetalle
1250	Edelmetalle	4539	Silber
1252	Edelgase	96	Argon
1252	Edelgase	2135	Helium
1252	Edelgase	2634	Krypton
1252	Edelgase	3517	Neon
1252	Edelgase	3840	Periodensystem
1252	Edelgase	2661504	Radon
1252	Edelgase	5729	Xenon
1257	Erg	3170	Meter
1273	Echelon	3531	Neuseeland
1278	Ernst Thälmann	2129	Hamburg
1282	Eindhoven	3538	Niederlande
1283	Edmund Stoiber	5973	29. September
1283	Edmund Stoiber	475	Bayern
1283	Edmund Stoiber	2513	Jahr
1283	Edmund Stoiber	2676	Kanzlerkandidat
1289	Mehlbeeren	3233	Maloideae
1289	Mehlbeeren	4594	Speierling
1304	Elektronenkonfiguration	3	Actinium
1304	Elektronenkonfiguration	93	Aluminium
1304	Elektronenkonfiguration	101	Americium
1304	Elektronenkonfiguration	95	Antimon
1304	Elektronenkonfiguration	96	Argon
1304	Elektronenkonfiguration	97	Arsen
1304	Elektronenkonfiguration	98	Astat
1304	Elektronenkonfiguration	489	Barium
1304	Elektronenkonfiguration	491	Berkelium
1304	Elektronenkonfiguration	490	Beryllium
1304	Elektronenkonfiguration	492	Blei
1304	Elektronenkonfiguration	488	Bor
1304	Elektronenkonfiguration	493	Brom
1304	Elektronenkonfiguration	803	Cadmium
1304	Elektronenkonfiguration	802	Calcium
1304	Elektronenkonfiguration	805	Californium
1304	Elektronenkonfiguration	804	Cer
1304	Elektronenkonfiguration	3074421	Chrom
1304	Elektronenkonfiguration	807	Curium
1304	Elektronenkonfiguration	1018	Dysprosium
1304	Elektronenkonfiguration	1247	Einsteinium
1304	Elektronenkonfiguration	1253	Elektron
1304	Elektronenkonfiguration	1246	Erbium
1304	Elektronenkonfiguration	1248	Europium
1304	Elektronenkonfiguration	1576	Fermium
1304	Elektronenkonfiguration	1577	Francium
1304	Elektronenkonfiguration	1811	Gadolinium
1304	Elektronenkonfiguration	1810	Gallium
1304	Elektronenkonfiguration	1812	Germanium
1304	Elektronenkonfiguration	1809	Gold
1304	Elektronenkonfiguration	2134	Hafnium
1304	Elektronenkonfiguration	2135	Helium
1304	Elektronenkonfiguration	2133	Holmium
1304	Elektronenkonfiguration	2345	Indium
1304	Elektronenkonfiguration	2349	Iod
1304	Elektronenkonfiguration	2633	Kalium
1304	Elektronenkonfiguration	2634	Krypton
1304	Elektronenkonfiguration	2732682	Kupfer
1304	Elektronenkonfiguration	2931	Lanthan
1304	Elektronenkonfiguration	2935	Lawrencium
1304	Elektronenkonfiguration	2932	Lithium
1304	Elektronenkonfiguration	2933	Lutetium
1304	Elektronenkonfiguration	3173	Magnesium
1304	Elektronenkonfiguration	3172	Mendelevium
1304	Elektronenkonfiguration	3175	Molybdän
1304	Elektronenkonfiguration	3518	Neodym
1304	Elektronenkonfiguration	3517	Neon
1304	Elektronenkonfiguration	3519	Neptunium
1304	Elektronenkonfiguration	3522	Nickel
1304	Elektronenkonfiguration	3521	Niob
1304	Elektronenkonfiguration	3520	Nobelium
1304	Elektronenkonfiguration	3701	Osmium
1304	Elektronenkonfiguration	3851	Palladium
1304	Elektronenkonfiguration	4140821	Phosphor
1304	Elektronenkonfiguration	3850	Platin
1304	Elektronenkonfiguration	3856	Plutonium
1304	Elektronenkonfiguration	3853	Polonium
1304	Elektronenkonfiguration	3854	Praseodym
1304	Elektronenkonfiguration	3852	Promethium
1304	Elektronenkonfiguration	3855	Protactinium
1304	Elektronenkonfiguration	4176	Quecksilber
1304	Elektronenkonfiguration	4228	Radium
1304	Elektronenkonfiguration	2661504	Radon
1304	Elektronenkonfiguration	4227	Rhenium
1304	Elektronenkonfiguration	4225	Rhodium
1304	Elektronenkonfiguration	4229	Rubidium
1304	Elektronenkonfiguration	4226	Ruthenium
1304	Elektronenkonfiguration	4548	Samarium
1304	Elektronenkonfiguration	4542	Scandium
1304	Elektronenkonfiguration	4547	Schwefel
1304	Elektronenkonfiguration	4544	Selen
1304	Elektronenkonfiguration	4539	Silber
1304	Elektronenkonfiguration	4541	Strontium
1304	Elektronenkonfiguration	5044	Tantal
1304	Elektronenkonfiguration	5045	Technetium
1304	Elektronenkonfiguration	5046	Tellur
1304	Elektronenkonfiguration	5047	Terbium
1304	Elektronenkonfiguration	5043	Thallium
1304	Elektronenkonfiguration	5048	Thorium
1304	Elektronenkonfiguration	5042	Thulium
1304	Elektronenkonfiguration	5041	Titan
1304	Elektronenkonfiguration	2481872	Uran
1304	Elektronenkonfiguration	2851368	Vanadium
1304	Elektronenkonfiguration	5546	Wismut
1304	Elektronenkonfiguration	4268686	Wolfram
1304	Elektronenkonfiguration	5729	Xenon
1304	Elektronenkonfiguration	5740	Ytterbium
1304	Elektronenkonfiguration	5741	Yttrium
1304	Elektronenkonfiguration	5758	Zinn
1305	Eritrea	5980	Äthiopien
1565	Francis Ford Coppola	3686	Oscar
1571	Film noir	1561	Fritz Lang
1571	Film noir	2128	Hollywood
1571	Film noir	2927	Low-Key-Beleuchtung
1571	Film noir	3699	Orson Welles
1571	Film noir	4218	Robert Siodmak
1572	Fred Zinnemann	3686	Oscar
1573	Frank Capra	3686	Oscar
1574	First National	800	Charlie Chaplin
1574	First National	3166	Mary Pickford
1576	Fermium	1304	Elektronenkonfiguration
1576	Fermium	3702	Ordnungszahl
1576	Fermium	2661504	Radon
1576	Fermium	5039	Transurane
1577	Francium	99	Alkalimetalle
1577	Francium	1304	Elektronenkonfiguration
1577	Francium	3702	Ordnungszahl
1577	Francium	2661504	Radon
1579	Fuß (Einheit)	2347	Inch
1579	Fuß (Einheit)	3170	Meter
1579	Fuß (Einheit)	5742	Yard
1580	Furlong	813	Chain
1580	Furlong	3170	Meter
1581	Nautischer Faden	3170	Meter
1583	Fluid drachm	1584	Fluid dram
1584	Fluid dram	1583	Fluid drachm
1585	Fluid ounce	1583	Fluid drachm
1585	Fluid ounce	1584	Fluid dram
1585	Fluid ounce	2943	Liter
1587	Friedrich Nietzsche	182	Arthur Schopenhauer
1587	Friedrich Nietzsche	2191908	Philosoph
1587	Friedrich Nietzsche	3927	Psychologie
1590	Geographie Frankreichs	1497705	Deutschland
1590	Geographie Frankreichs	4284	Rhone
1594	Frankenthal (Pfalz)	5969	15. Jahrhundert
1594	Frankenthal (Pfalz)	5849	16. Jahrhundert
1594	Frankenthal (Pfalz)	5848	17. Jahrhundert
1594	Frankenthal (Pfalz)	5847	18. Jahrhundert
1594	Frankenthal (Pfalz)	5853	1950er
1594	Frankenthal (Pfalz)	5855	1960er
1594	Frankenthal (Pfalz)	5833	1969
1594	Frankenthal (Pfalz)	475	Bayern
1594	Frankenthal (Pfalz)	572	Bevölkerung
1594	Frankenthal (Pfalz)	2180	Hauptstadt
1594	Frankenthal (Pfalz)	2611	Kanal
1594	Frankenthal (Pfalz)	3189	Maschinenbau
1594	Frankenthal (Pfalz)	3536	Neckar
1594	Frankenthal (Pfalz)	5582	Wiener Kongreß
1599	Freudenstadt	4595	Schwarzwald
1600	Friedrichshafen	540	Bodensee
1601	Fichten	2497	Johann Gottlieb Fichte
1609	Frühmittelalter	2177	Hochmittelalter
1609	Frühmittelalter	2642	Kirche
1609	Frühmittelalter	3222	Macht
1609	Frühmittelalter	3196	Mittelalter
1609	Frühmittelalter	4280	Römisches Reich
1610	Fluss (Begriffsklärung)	173	Asien
1610	Fluss (Begriffsklärung)	3466135	Elbe
1610	Fluss (Begriffsklärung)	3236	Motala ström
1610	Fluss (Begriffsklärung)	3543	Norrköping
1610	Fluss (Begriffsklärung)	4284	Rhone
1610	Fluss (Begriffsklärung)	4411	Schweden
1610	Fluss (Begriffsklärung)	4623	Seine
1610	Fluss (Begriffsklärung)	4645	Spree
1610	Fluss (Begriffsklärung)	5589	Weichsel
1614	Fata Morgana	3196	Mittelalter
1618	Frisches Haff	2678	Königsberg
1790	Geographie	1013354	Fluß
1790	Geographie	4284075	Heide
1790	Geographie	2611	Kanal
1790	Geographie	3224	Meerenge
1790	Geographie	5567	Weide
1795	Gesundheit	1167859	Droge
1795	Gesundheit	2147	Heilverfahren
1795	Gesundheit	2615	Krankheit
1795	Gesundheit	2955	Leukämie
1796	Glaube	2642	Kirche
1798	Hermetic Order of the Golden Dawn	160	Aleister Crowley
1801	Guy Ritchie	3151	Madonna
1802	Goldene Himbeere	2620	Kevin Costner
1802	Goldene Himbeere	3151	Madonna
1802	Goldene Himbeere	3686	Oscar
1802	Goldene Himbeere	4531	Sylvester Stallone
1803	Goldene Himbeere/Schlechtester Film	2620	Kevin Costner
1803	Goldene Himbeere/Schlechtester Film	5542	Warren Beatty
1809	Gold	1250	Edelmetalle
1809	Gold	1304	Elektronenkonfiguration
1809	Gold	3702	Ordnungszahl
1809	Gold	5729	Xenon
1810	Gallium	96	Argon
1810	Gallium	1304	Elektronenkonfiguration
1810	Gallium	3702	Ordnungszahl
1811	Gadolinium	1304	Elektronenkonfiguration
1811	Gadolinium	2934	Lanthanoide
1811	Gadolinium	3702	Ordnungszahl
1811	Gadolinium	5729	Xenon
1812	Germanium	96	Argon
1812	Germanium	1304	Elektronenkonfiguration
1812	Germanium	3702	Ordnungszahl
1814	Grad Celsius	1817	Grad Fahrenheit
1815	Gauß (Einheit)	3170	Meter
1817	Grad Fahrenheit	1814	Grad Celsius
1819	Gallone	2943	Liter
1819	Gallone	4177	Quart
1820	Gill	2943	Liter
1821	Gran (Einheit)	1813	Gramm
1828	Gabi Zimmer	2552494	Berlin
1831	Gottfried Wilhelm Leibniz	470	Binär
1831	Gottfried Wilhelm Leibniz	2339	I Ging
1831	Gottfried Wilhelm Leibniz	2996	Leipzig
1831	Gottfried Wilhelm Leibniz	3232	Metaphysik
1831	Gottfried Wilhelm Leibniz	2191908	Philosoph
1841	Globale Erwärmung	1280	El Niño
1841	Globale Erwärmung	1848	George W. Bush
1841	Globale Erwärmung	3196	Mittelalter
1841	Globale Erwärmung	3722	Ozon
1841	Globale Erwärmung	3717	Ozonschicht
1841	Globale Erwärmung	3842515	Treibhausgas
1847	Gnostizismus	1847	Gnostizismus
1850	Gott	149	Atheismus
1850	Gott	3222	Macht
1850	Gott	3255	Monotheismus
1850	Gott	5080	Theismus
1855	Genre-Theorie	78	Auteur-Theorie
1855	Genre-Theorie	5543	Western
1857	Daniel Gabriel Fahrenheit	5896	1686
1857	Daniel Gabriel Fahrenheit	5875	16. September
1857	Daniel Gabriel Fahrenheit	5898	1736
1857	Daniel Gabriel Fahrenheit	1497705	Deutschland
1857	Daniel Gabriel Fahrenheit	2172	Hypsobarometer
1857	Daniel Gabriel Fahrenheit	4176	Quecksilber
1862	Grunge	5857	1980er
1862	Grunge	3230	Mosh Pit
1863	Generation X (Roman)	1059	Douglas Coupland
1870	Genetik	5964	1958
1870	Genetik	5859	1961
1870	Genetik	1879	Gen
1870	Genetik	3498	Plasmid
1872	Großbritannien (Insel)	3003238	England
1874	Gernika	564	Baskenland
1879	Gen	1870	Genetik
2105	Hilfe	2615	Krankheit
2126	Heidentum	2371	Initiation
2126	Heidentum	3255	Monotheismus
2126	Heidentum	5500	Wicca
2133	Holmium	1304	Elektronenkonfiguration
2133	Holmium	2934	Lanthanoide
2133	Holmium	3702	Ordnungszahl
2133	Holmium	5729	Xenon
2134	Hafnium	1304	Elektronenkonfiguration
2134	Hafnium	3702	Ordnungszahl
2134	Hafnium	5729	Xenon
2135	Helium	1252	Edelgase
2135	Helium	1304	Elektronenkonfiguration
2135	Helium	3702	Ordnungszahl
2136	Halogene	98	Astat
2136	Halogene	493	Brom
2136	Halogene	3840	Periodensystem
2140	Hektar	3170	Meter
2141	Henry (Einheit)	111	Ampere
2143	Hektoliter	2943	Liter
2144	Horsepower	3867	Pferdestärke
2144	Horsepower	5549	Watt (Einheit)
2147	Heilverfahren	1029	Diät
2147	Heilverfahren	3248	Massage
2149	Hannover (Begriffsklärung)	1831	Gottfried Wilhelm Leibniz
2149	Hannover (Begriffsklärung)	3546	Niedersachsen
2151	Hypertext	2924	Hyperlink
2151	Hypertext	5405	Vannevar Bush
2166	HIRD of Unix-Replacing Daemons	1883	GNU/Linux
2177	Hochmittelalter	1609	Frühmittelalter
2177	Hochmittelalter	2642	Kirche
2177	Hochmittelalter	4618	Spätmittelalter
2342	Italowestern	794	Clint Eastwood
2342	Italowestern	5543	Western
2345	Indium	1304	Elektronenkonfiguration
2345	Indium	2634	Krypton
2345	Indium	3702	Ordnungszahl
2347	Inch	3170	Meter
2347	Inch	5742	Yard
2349	Iod	1304	Elektronenkonfiguration
2349	Iod	2136	Halogene
2349	Iod	2634	Krypton
2349	Iod	3702	Ordnungszahl
2350	Itzehoe	4666	Schleswig-Holstein
2350	Itzehoe	4411	Schweden
2358	Istanbul	550	Bosporus
2363	Internet Relay Chat	3256	Macintosh
2371	Initiation	4489	Satanismus
2372	Isaac Asimov	5934	2. Januar
2372	Isaac Asimov	4625	Science-Fiction
2373	Instant Messaging	817	Chat
2462	Jahreskalender	495881	1918
2462	Jahreskalender	5831	1933
2462	Jahreskalender	5829	1939
2462	Jahreskalender	5964	1958
2462	Jahreskalender	5859	1961
2462	Jahreskalender	5833	1969
2462	Jahreskalender	5867	1980
2462	Jahreskalender	5917	1983
2468	James Cameron	3686	Oscar
2469	Jonathan Demme	3686	Oscar
2472	James L. Brooks	3686	Oscar
2473	John Ford	3686	Oscar
2474	Jean-Luc Godard	78	Auteur-Theorie
2474	Jean-Luc Godard	3514	Nouvelle Vague
2476	John G. Avildsen	3686	Oscar
2477	Joachim Gauck	327818	Deutsche Demokratische Republik
2477	Joachim Gauck	3848	Pfarrer
2480	Joule	3170	Meter
2480	Joule	3527	Newton (Einheit)
2480	Joule	5549	Watt (Einheit)
2482	Jazzmusik	547	Blues
2482	Jazzmusik	828	Charlie Parker
2482	Jazzmusik	829	Chick Corea
2482	Jazzmusik	1047	Dave Brubeck
2482	Jazzmusik	2505	Jelly Roll Morton
2482	Jazzmusik	2503	Joe Zawinul
2482	Jazzmusik	2671	Keith Jarrett
2482	Jazzmusik	4259	Ragtime
2482	Jazzmusik	5083	Thelonious Monk
2495	Joschka Fischer	1497705	Deutschland
2497	Johann Gottlieb Fichte	2552494	Berlin
2497	Johann Gottlieb Fichte	2336	Immanuel Kant
2497	Johann Gottlieb Fichte	2191908	Philosoph
2505	Jelly Roll Morton	547	Blues
2505	Jelly Roll Morton	4259	Ragtime
2509	Jahresübersicht	5969	15. Jahrhundert
2509	Jahresübersicht	5849	16. Jahrhundert
2509	Jahresübersicht	5848	17. Jahrhundert
2509	Jahresübersicht	5847	18. Jahrhundert
2509	Jahresübersicht	5846	19. Jahrhundert
2509	Jahresübersicht	5844	20. Jahrhundert
2509	Jahresübersicht	5843	21. Jahrhundert
2513	Jahr	5053	Tag
2513	Jahr	5761	Zeit
2599	Kattegat	4998071	Dänemark
2599	Kattegat	3504	Nordsee
2599	Kattegat	3548	Norwegen
2599	Kattegat	4411	Schweden
2605	Künstler	5070860	Andy Warhol
2608	Kommunikation (soziologische Systemtheorie)	3508	Niklas Luhmann
2610	Kontradiktion	2930	Ludwig Wittgenstein
2613	Klonen	5858	1990er
2613	Klonen	1870	Genetik
2613	Klonen	1879	Gen
2620	Kevin Costner	1802	Goldene Himbeere
2620	Kevin Costner	3686	Oscar
2622	Konrad Zuse	5901	18. Dezember
2622	Konrad Zuse	5829	1939
2622	Konrad Zuse	2552494	Berlin
2622	Konrad Zuse	3215	München
2622	Konrad Zuse	3924	Plankalkül
2626	Kevin Spacey	3686	Oscar
2633	Kalium	99	Alkalimetalle
2633	Kalium	96	Argon
2633	Kalium	1304	Elektronenkonfiguration
2633	Kalium	3702	Ordnungszahl
2634	Krypton	96	Argon
2634	Krypton	1252	Edelgase
2634	Krypton	1304	Elektronenkonfiguration
2634	Krypton	3702	Ordnungszahl
2637	Kalorie	1814	Grad Celsius
2637	Kalorie	1813	Gramm
2642	Kirche	1850	Gott
2644	Ketzer	127	Albigenser
2644	Ketzer	2642	Kirche
2644	Ketzer	3196	Mittelalter
2651	Krankenhausinformationssystem	2354	ICD-Schlüssel
2652	Karl Richard Lepsius	2552494	Berlin
2653	Künstliche Intelligenz	2618	Kybernetik
2654	Kiwis	3531	Neuseeland
2664	Karl Marx	2670	Kommunismus
2667	Konstanz	540	Bodensee
2678	Königsberg	2336	Immanuel Kant
2678	Königsberg	5767	Zweiter Weltkrieg
2679	Liste der Komponisten/A	2505	Jelly Roll Morton
2682	Kopenhagen	4998071	Dänemark
2682	Kopenhagen	2180	Hauptstadt
2682	Kopenhagen	4411	Schweden
2685	Kontrolliertes Vokabular	5553	Wiki
2694	Kryptographie	1273	Echelon
2694	Kryptographie	4164462	Steganographie
2699	Kosmologie	2513	Jahr
2699	Kosmologie	2941	Lichtjahr
2699	Kosmologie	3523	Neutron
2699	Kosmologie	3858	Proton
2699	Kosmologie	4181	Quark
2700	Kosmologe	2699	Kosmologie
2706	Kreuzzug	4295	Ritterorden
2910	Länder der Welt	173	Asien
2910	Länder der Welt	1497705	Deutschland
2910	Länder der Welt	688984	Israel
2910	Länder der Welt	3538	Niederlande
2910	Länder der Welt	3548	Norwegen
2910	Länder der Welt	4411	Schweden
2922	Gesetze der Form	1006	Distinktion
2922	Gesetze der Form	3508	Niklas Luhmann
2923	Lisp	5853	1950er
2923	Lisp	2653	Künstliche Intelligenz
2931	Lanthan	1304	Elektronenkonfiguration
2931	Lanthan	3702	Ordnungszahl
2931	Lanthan	5729	Xenon
2932	Lithium	99	Alkalimetalle
2932	Lithium	1304	Elektronenkonfiguration
2932	Lithium	2135	Helium
2932	Lithium	3702	Ordnungszahl
2933	Lutetium	1304	Elektronenkonfiguration
2933	Lutetium	2934	Lanthanoide
2933	Lutetium	3702	Ordnungszahl
2933	Lutetium	5729	Xenon
2934	Lanthanoide	2931	Lanthan
2935	Lawrencium	100	Actinoide
2935	Lawrencium	1304	Elektronenkonfiguration
2935	Lawrencium	3702	Ordnungszahl
2935	Lawrencium	2661504	Radon
2936	Leichtmetalle	99	Alkalimetalle
2936	Leichtmetalle	93	Aluminium
2936	Leichtmetalle	692604	Erdalkalimetalle
2936	Leichtmetalle	4542	Scandium
2936	Leichtmetalle	4540	Schwermetalle
2936	Leichtmetalle	5741	Yttrium
2939	Landkreis Böblingen	909333	Herrenberg
2939	Landkreis Böblingen	2968	Leonberg
2939	Landkreis Böblingen	4549	Sindelfingen
2942	Link (Einheit)	2347	Inch
2942	Link (Einheit)	3170	Meter
2943	Liter	3170	Meter
2946	Lux (Einheit)	3170	Meter
2948	Long hundredweight	3869	Pound
2949	Long quarter	3869	Pound
2949	Long quarter	4178	Quarter
2949	Long quarter	4564	Short quarter
2950	Britische Tonne	3869	Pound
2955	Leukämie	2615	Krankheit
2956	Lebensmittel	1029	Diät
2956	Lebensmittel	1795	Gesundheit
2956	Lebensmittel	2147	Heilverfahren
2958	Ländervorwahlliste sortiert nach Nummern	195	Algerien
2958	Ländervorwahlliste sortiert nach Nummern	173	Asien
2958	Ländervorwahlliste sortiert nach Nummern	5980	Äthiopien
2958	Ländervorwahlliste sortiert nach Nummern	4998071	Dänemark
2958	Ländervorwahlliste sortiert nach Nummern	1497705	Deutschland
2958	Ländervorwahlliste sortiert nach Nummern	1305	Eritrea
2958	Ländervorwahlliste sortiert nach Nummern	1866	Gibraltar
2958	Ländervorwahlliste sortiert nach Nummern	688984	Israel
2958	Ländervorwahlliste sortiert nach Nummern	3531	Neuseeland
2958	Ländervorwahlliste sortiert nach Nummern	3538	Niederlande
2958	Ländervorwahlliste sortiert nach Nummern	3548	Norwegen
2958	Ländervorwahlliste sortiert nach Nummern	4411	Schweden
2958	Ländervorwahlliste sortiert nach Nummern	852604	Türkei
2959	Ländervorwahlliste sortiert nach Ländern	195	Algerien
2959	Ländervorwahlliste sortiert nach Ländern	5980	Äthiopien
2959	Ländervorwahlliste sortiert nach Ländern	4998071	Dänemark
2959	Ländervorwahlliste sortiert nach Ländern	1497705	Deutschland
2959	Ländervorwahlliste sortiert nach Ländern	1305	Eritrea
2959	Ländervorwahlliste sortiert nach Ländern	1866	Gibraltar
2959	Ländervorwahlliste sortiert nach Ländern	688984	Israel
2959	Ländervorwahlliste sortiert nach Ländern	3531	Neuseeland
2959	Ländervorwahlliste sortiert nach Ländern	3538	Niederlande
2959	Ländervorwahlliste sortiert nach Ländern	3548	Norwegen
2959	Ländervorwahlliste sortiert nach Ländern	4411	Schweden
2959	Ländervorwahlliste sortiert nach Ländern	852604	Türkei
2960	LSD	1167859	Droge
2960	LSD	4264	Renaissance
2963	Laparoskopische Chirurgie	2964	Laparoskopie
2963	Laparoskopische Chirurgie	2965	Laparoskopische Fundoplicatio
2973	Lise Meitner	3715	Otto Hahn
2979	Leonardo da Vinci	4264	Renaissance
2980	Leiden (Stadt)	3538	Niederlande
2983	Landkreis Cham	836	Cham
2985	Louvre	2979	Leonardo da Vinci
2986	Königliche Saline in Arc-et-Senans	5898	1736
2986	Königliche Saline in Arc-et-Senans	5321	UNESCO
2986	Königliche Saline in Arc-et-Senans	5590	Weltkulturerbe
2988	Leukippos	1062	Demokrit
2993	Ludwik Lejzer Zamenhof	1240	Esperanto
2996	Leipzig	5767	Zweiter Weltkrieg
2998	Lepton	1253	Elektron
2998	Lepton	1259	Elektronenvolt
2998	Lepton	4181	Quark
3148	Marlon Brando	3686	Oscar
3151	Madonna	1802	Goldene Himbeere
3151	Madonna	1850	Gott
3151	Madonna	1801	Guy Ritchie
3155	Mel Gibson	3686	Oscar
3158	Miloš Forman	3686	Oscar
3159	Michael Cimino	3686	Oscar
3165	Martial-Arts-Film	82	Actionfilm
3166	Mary Pickford	800	Charlie Chaplin
3166	Mary Pickford	1574	First National
3166	Mary Pickford	3686	Oscar
3167	Mack Sennett	800	Charlie Chaplin
3170	Meter	2634	Krypton
3171	Mol	116	Atomare Masseneinheit
3172	Mendelevium	100	Actinoide
3172	Mendelevium	1304	Elektronenkonfiguration
3172	Mendelevium	3702	Ordnungszahl
3172	Mendelevium	2661504	Radon
3173	Magnesium	1304	Elektronenkonfiguration
3173	Magnesium	692604	Erdalkalimetalle
3173	Magnesium	3517	Neon
3173	Magnesium	3702	Ordnungszahl
3175	Molybdän	1304	Elektronenkonfiguration
3175	Molybdän	2634	Krypton
3175	Molybdän	3702	Ordnungszahl
3175	Molybdän	4540	Schwermetalle
3176	Mikroprozessor	783	Cache
3178	Maxwell (Einheit)	3170	Meter
3179	Meterkilopond	3170	Meter
3180	Mikron	3170	Meter
3181	Millimeter Wassersäule	496	Bar
3183	Mailingliste	1263	E-Mail
3191	Manichäismus	581	Buddhismus
3193	Medizininformatik	2651	Krankenhausinformationssystem
3196	Mittelalter	3003238	England
3196	Mittelalter	1609	Frühmittelalter
3196	Mittelalter	2177	Hochmittelalter
3196	Mittelalter	4264	Renaissance
3196	Mittelalter	4618	Spätmittelalter
3203	Michael Douglas	823	Catherine Zeta-Jones
3203	Michael Douglas	2656	Kirk Douglas
3215	München	475	Bayern
3217	Monoid	1839	Gruppentheorie
3224	Meerenge	550	Bosporus
3224	Meerenge	4998071	Dänemark
3224	Meerenge	1866	Gibraltar
3228	Meteorologie	142	Altweibersommer
3228	Meteorologie	1280	El Niño
3228	Meteorologie	1614	Fata Morgana
3228	Meteorologie	1841	Globale Erwärmung
3229	Magdeburg	3466135	Elbe
3229	Magdeburg	4665	Sachsen-Anhalt
3230	Mosh Pit	1862	Grunge
3232	Metaphysik	5847	18. Jahrhundert
3232	Metaphysik	5846	19. Jahrhundert
3232	Metaphysik	5844	20. Jahrhundert
3232	Metaphysik	1850	Gott
3232	Metaphysik	2336	Immanuel Kant
3233	Maloideae	4274	Rosaceae
3236	Motala ström	1013354	Fluß
3236	Motala ström	3543	Norrköping
3236	Motala ström	4411	Schweden
3237	Manchester	3003238	England
3246	Mikrocontroller	3904	PC
3247	Mustererkennung	20605	Klassifikation
3249	Mac OS	584	BSD
3249	Mac OS	3256	Macintosh
3249	Mac OS	4493	Steve Jobs
3251	Meson	1259	Elektronenvolt
3251	Meson	4181	Quark
3254	Mitochondrium	1253	Elektron
3257	Mac OS Classic	3256	Macintosh
3504	Nordsee	181	Atlantischer Ozean
3504	Nordsee	1497705	Deutschland
3504	Nordsee	3538	Niederlande
3506	Niue	3531	Neuseeland
3508	Niklas Luhmann	4451	Soziologische Systemtheorie
3512	Netz	472	Black Box
3514	Nouvelle Vague	2474	Jean-Luc Godard
3517	Neon	1252	Edelgase
3517	Neon	1304	Elektronenkonfiguration
3517	Neon	2135	Helium
3517	Neon	3702	Ordnungszahl
3518	Neodym	1304	Elektronenkonfiguration
3518	Neodym	2934	Lanthanoide
3518	Neodym	3702	Ordnungszahl
3518	Neodym	5729	Xenon
3519	Neptunium	1304	Elektronenkonfiguration
3519	Neptunium	3702	Ordnungszahl
3519	Neptunium	3856	Plutonium
3519	Neptunium	2661504	Radon
3519	Neptunium	5039	Transurane
3519	Neptunium	2481872	Uran
3520	Nobelium	1304	Elektronenkonfiguration
3520	Nobelium	3702	Ordnungszahl
3520	Nobelium	2661504	Radon
3520	Nobelium	5039	Transurane
3521	Niob	1304	Elektronenkonfiguration
3521	Niob	2634	Krypton
3521	Niob	3702	Ordnungszahl
3522	Nickel	96	Argon
3522	Nickel	1304	Elektronenkonfiguration
3522	Nickel	3702	Ordnungszahl
3522	Nickel	4540	Schwermetalle
3523	Neutron	1253	Elektron
3523	Neutron	3858	Proton
3526	Nautical mile	3170	Meter
3527	Newton (Einheit)	3170	Meter
3530	Nikolaus von Kues	1850	Gott
3530	Nikolaus von Kues	2648	Köln
3530	Nikolaus von Kues	3196	Mittelalter
3530	Nikolaus von Kues	2191908	Philosoph
3538	Niederlande	1497705	Deutschland
3538	Niederlande	3504	Nordsee
3539	Neuronales Netz	2653	Künstliche Intelligenz
3539	Neuronales Netz	3247	Mustererkennung
3541	Neuenburg	2180	Hauptstadt
3543	Norrköping	3237	Manchester
3543	Norrköping	3236	Motala ström
3543	Norrköping	4411	Schweden
3544	Nil	5980	Äthiopien
3544	Nil	8164410	Weißer Nil
3546	Niedersachsen	475	Bayern
3546	Niedersachsen	1497705	Deutschland
3546	Niedersachsen	5767	Zweiter Weltkrieg
3547	Nero	1877	Galba
3548	Norwegen	1784165	Bergen
3548	Norwegen	3731	Oslo
3548	Norwegen	4411	Schweden
3553	Zahlensymbolik	583	Bibel
3555	OPENSTEP	4493	Steve Jobs
3687	Oscar/Bester Film	794	Clint Eastwood
3687	Oscar/Bester Film	1565	Francis Ford Coppola
3687	Oscar/Bester Film	2468	James Cameron
3687	Oscar/Bester Film	2620	Kevin Costner
3687	Oscar/Bester Film	3155	Mel Gibson
3687	Oscar/Bester Film	3915	Pulp Fiction
3687	Oscar/Bester Film	4212	Ridley Scott
3687	Oscar/Bester Film	4459	Steven Spielberg
3687	Oscar/Bester Film	4502	Sydney Pollack
3687	Oscar/Bester Film	5074	Tom Jones
3688	Oscar/Beste Regie	38	Anthony Minghella
3688	Oscar/Beste Regie	481	Barry Levinson
3688	Oscar/Beste Regie	482	Bernardo Bertolucci
3688	Oscar/Beste Regie	794	Clint Eastwood
3688	Oscar/Beste Regie	1565	Francis Ford Coppola
3688	Oscar/Beste Regie	1573	Frank Capra
3688	Oscar/Beste Regie	1572	Fred Zinnemann
3688	Oscar/Beste Regie	2468	James Cameron
3688	Oscar/Beste Regie	2472	James L. Brooks
3688	Oscar/Beste Regie	2473	John Ford
3688	Oscar/Beste Regie	2476	John G. Avildsen
3688	Oscar/Beste Regie	2469	Jonathan Demme
3688	Oscar/Beste Regie	2620	Kevin Costner
3688	Oscar/Beste Regie	3155	Mel Gibson
3688	Oscar/Beste Regie	3159	Michael Cimino
3688	Oscar/Beste Regie	4219	Richard Attenborough
3688	Oscar/Beste Regie	4216	Robert Benton
3688	Oscar/Beste Regie	4215	Robert Zemeckis
3688	Oscar/Beste Regie	4433	Steven Soderbergh
3688	Oscar/Beste Regie	4459	Steven Spielberg
3688	Oscar/Beste Regie	4502	Sydney Pollack
3688	Oscar/Beste Regie	5542	Warren Beatty
3688	Oscar/Beste Regie	5492	Woody Allen
3689	Oscar/Bester Hauptdarsteller	83	Al Pacino
3689	Oscar/Bester Hauptdarsteller	1845	Gene Hackman
3689	Oscar/Bester Hauptdarsteller	2475	Jack Nicholson
3689	Oscar/Bester Hauptdarsteller	2626	Kevin Spacey
3689	Oscar/Bester Hauptdarsteller	3148	Marlon Brando
3689	Oscar/Bester Hauptdarsteller	3203	Michael Douglas
3689	Oscar/Bester Hauptdarsteller	5032	Tom Hanks
3689	Oscar/Bester Hauptdarsteller	5560	Wall Street
3689	Oscar/Bester Hauptdarsteller	5563	William Hurt
3690	Oscar/Beste Hauptdarstellerin	1846	Gwyneth Paltrow
3690	Oscar/Beste Hauptdarstellerin	2491	Julia Roberts
3690	Oscar/Beste Hauptdarstellerin	3166	Mary Pickford
3690	Oscar/Beste Hauptdarstellerin	4588	Sophia Loren
3692	Oscar/Bester Nebendarsteller	1845	Gene Hackman
3692	Oscar/Bester Nebendarsteller	2475	Jack Nicholson
3692	Oscar/Bester Nebendarsteller	2626	Kevin Spacey
3692	Oscar/Bester Nebendarsteller	4251	Robin Williams
3692	Oscar/Bester Nebendarsteller	5073	Tommy Lee Jones
3693	Oscar/Beste Nebendarstellerin	137	Angelina Jolie
3693	Oscar/Beste Nebendarstellerin	3201	Mira Sorvino
3694	Oscar/Bester Schnitt	2468	James Cameron
3697	Orakel	2339	I Ging
3697	Orakel	3918	Pendeln
3698	O.T.O.	12	A.A.
3699	Orson Welles	2128	Hollywood
3701	Osmium	1250	Edelmetalle
3701	Osmium	1304	Elektronenkonfiguration
3701	Osmium	3702	Ordnungszahl
3701	Osmium	5729	Xenon
3702	Ordnungszahl	3858	Proton
3703	Oersted (Einheit)	3170	Meter
3706	Unze	1025	Drachm
3706	Unze	1024	Dram
3706	Unze	1813	Gramm
3709	Osama bin Laden	5065	Terrorismus
3710	Oskar Lafontaine	5875	16. September
3710	Oskar Lafontaine	1497705	Deutschland
3710	Oskar Lafontaine	2155	Helmut Kohl
3710	Oskar Lafontaine	2676	Kanzlerkandidat
3710	Oskar Lafontaine	3847	Politiker
3710	Oskar Lafontaine	4663	Saarland
3717	Ozonschicht	3722	Ozon
3722	Ozon	3717	Ozonschicht
3728	Obiter dictum	4283	Ratio Decidendi
3730	Otho	1877	Galba
3730	Otho	5397	Vitellius
3818	Politik	3847	Politiker
3822	Popmusik	869442	ABBA
3822	Popmusik	811	Coverband
3822	Popmusik	2954	Liedermacher
3822	Popmusik	4569	Suzanne Vega
3827	Gemeinfreiheit	1559	Freeware
3840	Periodensystem	3	Actinium
3840	Periodensystem	99	Alkalimetalle
3840	Periodensystem	93	Aluminium
3840	Periodensystem	101	Americium
3840	Periodensystem	95	Antimon
3840	Periodensystem	96	Argon
3840	Periodensystem	97	Arsen
3840	Periodensystem	98	Astat
3840	Periodensystem	489	Barium
3840	Periodensystem	491	Berkelium
3840	Periodensystem	490	Beryllium
3840	Periodensystem	492	Blei
3840	Periodensystem	488	Bor
3840	Periodensystem	493	Brom
3840	Periodensystem	803	Cadmium
3840	Periodensystem	802	Calcium
3840	Periodensystem	805	Californium
3840	Periodensystem	804	Cer
3840	Periodensystem	810	Chalkogene
3840	Periodensystem	3074421	Chrom
3840	Periodensystem	807	Curium
3840	Periodensystem	1018	Dysprosium
3840	Periodensystem	1252	Edelgase
3840	Periodensystem	1247	Einsteinium
3840	Periodensystem	1304	Elektronenkonfiguration
3840	Periodensystem	1246	Erbium
3840	Periodensystem	692604	Erdalkalimetalle
3840	Periodensystem	1248	Europium
3840	Periodensystem	1576	Fermium
3840	Periodensystem	1577	Francium
3840	Periodensystem	1811	Gadolinium
3840	Periodensystem	1810	Gallium
3840	Periodensystem	1812	Germanium
3840	Periodensystem	1809	Gold
3840	Periodensystem	2134	Hafnium
3840	Periodensystem	2136	Halogene
3840	Periodensystem	2135	Helium
3840	Periodensystem	2133	Holmium
3840	Periodensystem	2345	Indium
3840	Periodensystem	2349	Iod
3840	Periodensystem	2633	Kalium
3840	Periodensystem	2634	Krypton
3840	Periodensystem	2732682	Kupfer
3840	Periodensystem	2931	Lanthan
3840	Periodensystem	2935	Lawrencium
3840	Periodensystem	2932	Lithium
3840	Periodensystem	2933	Lutetium
3840	Periodensystem	3173	Magnesium
3840	Periodensystem	3172	Mendelevium
3840	Periodensystem	3175	Molybdän
3840	Periodensystem	3518	Neodym
3840	Periodensystem	3517	Neon
3840	Periodensystem	3519	Neptunium
3840	Periodensystem	3522	Nickel
3840	Periodensystem	3521	Niob
3840	Periodensystem	3520	Nobelium
3840	Periodensystem	3701	Osmium
3840	Periodensystem	3851	Palladium
3840	Periodensystem	4140821	Phosphor
3840	Periodensystem	3850	Platin
3840	Periodensystem	3856	Plutonium
3840	Periodensystem	3853	Polonium
3840	Periodensystem	3854	Praseodym
3840	Periodensystem	3852	Promethium
3840	Periodensystem	3855	Protactinium
3840	Periodensystem	4176	Quecksilber
3840	Periodensystem	4228	Radium
3840	Periodensystem	2661504	Radon
3840	Periodensystem	4227	Rhenium
3840	Periodensystem	4225	Rhodium
3840	Periodensystem	4229	Rubidium
3840	Periodensystem	4226	Ruthenium
3840	Periodensystem	4548	Samarium
3840	Periodensystem	4542	Scandium
3840	Periodensystem	4547	Schwefel
3840	Periodensystem	4544	Selen
3840	Periodensystem	4539	Silber
3840	Periodensystem	4541	Strontium
3840	Periodensystem	5044	Tantal
3840	Periodensystem	5045	Technetium
3840	Periodensystem	5046	Tellur
3840	Periodensystem	5047	Terbium
3840	Periodensystem	5043	Thallium
3840	Periodensystem	5048	Thorium
3840	Periodensystem	5042	Thulium
3840	Periodensystem	5041	Titan
3840	Periodensystem	2481872	Uran
3840	Periodensystem	2851368	Vanadium
3840	Periodensystem	5546	Wismut
3840	Periodensystem	4268686	Wolfram
3840	Periodensystem	5729	Xenon
3840	Periodensystem	5740	Ytterbium
3840	Periodensystem	5741	Yttrium
3840	Periodensystem	5758	Zinn
3845	Point-of-View-Shot	1569	Frame
3846	Plansequenz	3699	Orson Welles
3848	Pfarrer	2642	Kirche
3849	Psychologe	3927	Psychologie
3850	Platin	1250	Edelmetalle
3850	Platin	1304	Elektronenkonfiguration
3850	Platin	3702	Ordnungszahl
3850	Platin	5729	Xenon
3851	Palladium	1250	Edelmetalle
3851	Palladium	1304	Elektronenkonfiguration
3851	Palladium	2634	Krypton
3851	Palladium	3702	Ordnungszahl
3852	Promethium	1304	Elektronenkonfiguration
3852	Promethium	2934	Lanthanoide
3852	Promethium	3702	Ordnungszahl
3852	Promethium	5729	Xenon
3853	Polonium	810	Chalkogene
3853	Polonium	1304	Elektronenkonfiguration
3853	Polonium	3702	Ordnungszahl
3853	Polonium	5729	Xenon
3854	Praseodym	1304	Elektronenkonfiguration
3854	Praseodym	2934	Lanthanoide
3854	Praseodym	3702	Ordnungszahl
3854	Praseodym	5729	Xenon
3855	Protactinium	100	Actinoide
3855	Protactinium	1304	Elektronenkonfiguration
3855	Protactinium	3702	Ordnungszahl
3855	Protactinium	2661504	Radon
3856	Plutonium	1304	Elektronenkonfiguration
3856	Plutonium	3519	Neptunium
3856	Plutonium	3702	Ordnungszahl
3856	Plutonium	2661504	Radon
3856	Plutonium	5039	Transurane
3858	Proton	3523	Neutron
3858	Proton	3702	Ordnungszahl
3864	Kilopond	3527	Newton (Einheit)
3865	Pascal (Einheit)	3170	Meter
3865	Pascal (Einheit)	3527	Newton (Einheit)
3867	Pferdestärke	3179	Meterkilopond
3867	Pferdestärke	5549	Watt (Einheit)
3868	Pennyweight	1813	Gramm
3870	Pound-force per square inch	3865	Pascal (Einheit)
3871	Pounds-force per square foot	3865	Pascal (Einheit)
3872	Peck (Maßeinheit)	2943	Liter
3872	Peck (Maßeinheit)	4177	Quart
3873	Pinte	1820	Gill
3873	Pinte	2943	Liter
3890	Pentagon	5767	Zweiter Weltkrieg
3890	Pentagon	5569	Washington, D.C.
3897	Pluto (Begriffsklärung)	1850	Gott
3897	Pluto (Begriffsklärung)	3902	Plutokratie
3902	Plutokratie	3902	Plutokratie
3903	Platonischer Körper	3903	Platonischer Körper
3903	Platonischer Körper	3914	Platon
3903	Platonischer Körper	5112	Tetraeder
3914	Platon	2191908	Philosoph
3915	Pulp Fiction	467	Bruce Willis
3915	Pulp Fiction	4175	Quentin Tarantino
3916	Poltergeist	3003238	England
3916	Poltergeist	4459	Steven Spielberg
3918	Pendeln	1239	Esoterik
3924	Plankalkül	2622	Konrad Zuse
3927	Psychologie	188	Allgemeine Psychologie
3927	Psychologie	4659	Sozialpsychologie
3935	Liste bedeutender Kosmologen	4593	Stephen Hawking
4174	Qualität	5026	TQM
4175	Quentin Tarantino	3915	Pulp Fiction
4175	Quentin Tarantino	4203	Robert Rodriguez
4176	Quecksilber	1250	Edelmetalle
4176	Quecksilber	1304	Elektronenkonfiguration
4176	Quecksilber	3702	Ordnungszahl
4176	Quecksilber	5729	Xenon
4177	Quart	2943	Liter
4178	Quarter	500	Bushel
4178	Quarter	2943	Liter
4178	Quarter	2949	Long quarter
4178	Quarter	4564	Short quarter
4180	Quantenmechanik	2971	Louis de Broglie
4181	Quark	1259	Elektronenvolt
4202	Recht	2614	Kooperation
4202	Recht	3832	Pflicht
4202	Recht	4278	Rechtssubjekt
4203	Robert Rodriguez	4175	Quentin Tarantino
4205	Rainer Werner Fassbinder	475	Bayern
4205	Rainer Werner Fassbinder	3215	München
4212	Ridley Scott	3686	Oscar
4215	Robert Zemeckis	3686	Oscar
4216	Robert Benton	3686	Oscar
4217	Richard Quine	1022	Der Gefangene von Zenda
4218	Robert Siodmak	2128	Hollywood
4219	Richard Attenborough	3003238	England
4219	Richard Attenborough	3686	Oscar
4223	Robert De Niro	3686	Oscar
4225	Rhodium	1250	Edelmetalle
4225	Rhodium	1304	Elektronenkonfiguration
4225	Rhodium	2634	Krypton
4225	Rhodium	3702	Ordnungszahl
4226	Ruthenium	1250	Edelmetalle
4226	Ruthenium	1304	Elektronenkonfiguration
4226	Ruthenium	2634	Krypton
4226	Ruthenium	3702	Ordnungszahl
4227	Rhenium	1250	Edelmetalle
4227	Rhenium	1304	Elektronenkonfiguration
4227	Rhenium	3702	Ordnungszahl
4227	Rhenium	5729	Xenon
4228	Radium	1304	Elektronenkonfiguration
4228	Radium	692604	Erdalkalimetalle
4228	Radium	3702	Ordnungszahl
4228	Radium	2661504	Radon
4229	Rubidium	99	Alkalimetalle
4229	Rubidium	1304	Elektronenkonfiguration
4229	Rubidium	2634	Krypton
4229	Rubidium	3702	Ordnungszahl
4233	Rood	3170	Meter
4234	Rem (Einheit)	4561	Sievert (Einheit)
4236	Reggae	213223	Säkular
4237	Orthographie	5849	16. Jahrhundert
4237	Orthographie	1055	Deutschsprachiger Raum
4237	Orthographie	4237	Orthographie
4240	Distale Radiusfraktur	532	Bruchspaltanästhesie
4243	RAF (Begriffsklärung)	3176253	Rote Armee Fraktion
4250	Ronald Schill	2129	Hamburg
4259	Ragtime	2505	Jelly Roll Morton
4264	Renaissance	3196	Mittelalter
4274	Rosaceae	3233	Maloideae
4278	Rechtssubjekt	4202	Recht
4281	Liste der römischen Kaiser der Antike	179	Augustus
4281	Liste der römischen Kaiser der Antike	186	Aurelian
4281	Liste der römischen Kaiser der Antike	845	Caligula
4281	Liste der römischen Kaiser der Antike	849	Caracalla
4281	Liste der römischen Kaiser der Antike	848	Commodus
4281	Liste der römischen Kaiser der Antike	1072	Domitian
4281	Liste der römischen Kaiser der Antike	1877	Galba
4281	Liste der römischen Kaiser der Antike	3547	Nero
4281	Liste der römischen Kaiser der Antike	3730	Otho
4281	Liste der römischen Kaiser der Antike	5123	Tiberius
4281	Liste der römischen Kaiser der Antike	5126	Trajanus Decius
4281	Liste der römischen Kaiser der Antike	5127	Trebonianus Gallus
4281	Liste der römischen Kaiser der Antike	5399	Vespasian
4281	Liste der römischen Kaiser der Antike	5397	Vitellius
4293	Ribosom	3170	Meter
4293	Ribosom	3254	Mitochondrium
4411	Schweden	3548	Norwegen
4425	Liste unabhängiger Staaten	195	Algerien
4425	Liste unabhängiger Staaten	5980	Äthiopien
4425	Liste unabhängiger Staaten	4998071	Dänemark
4425	Liste unabhängiger Staaten	1497705	Deutschland
4425	Liste unabhängiger Staaten	1305	Eritrea
4425	Liste unabhängiger Staaten	1866	Gibraltar
4425	Liste unabhängiger Staaten	688984	Israel
4425	Liste unabhängiger Staaten	3531	Neuseeland
4425	Liste unabhängiger Staaten	3538	Niederlande
4425	Liste unabhängiger Staaten	3548	Norwegen
4425	Liste unabhängiger Staaten	4411	Schweden
4425	Liste unabhängiger Staaten	852604	Türkei
4427	Liste der Städte in Deutschland	2552494	Berlin
4427	Liste der Städte in Deutschland	2129	Hamburg
4427	Liste der Städte in Deutschland	2648	Köln
4427	Liste der Städte in Deutschland	3215	München
4432	Sergei Michailowitsch Eisenstein	3221050	Moskau
4433	Steven Soderbergh	3686	Oscar
4441	Selbstregulation	1567	Frederic Vester
4447	Symbiose	1602	Fusion
4448	System	11	Autopoiese
4448	System	4450	Systemtheorie
4450	Systemtheorie	1567	Frederic Vester
4450	Systemtheorie	3508	Niklas Luhmann
4450	Systemtheorie	4451	Soziologische Systemtheorie
4450	Systemtheorie	4448	System
4451	Soziologische Systemtheorie	3508	Niklas Luhmann
4451	Soziologische Systemtheorie	4450	Systemtheorie
4459	Steven Spielberg	3916	Poltergeist
4489	Satanismus	160	Aleister Crowley
4491	Sprichwort	4214	Redewendung
4493	Steve Jobs	2182	Hardware
4500	Suspense	77	Alfred Hitchcock
4502	Sydney Pollack	3686	Oscar
4531	Sylvester Stallone	82	Actionfilm
4531	Sylvester Stallone	1802	Goldene Himbeere
4534	Stasi-Unterlagen	2477	Joachim Gauck
4539	Silber	1250	Edelmetalle
4539	Silber	1304	Elektronenkonfiguration
4539	Silber	2634	Krypton
4539	Silber	3702	Ordnungszahl
4540	Schwermetalle	492	Blei
4540	Schwermetalle	3074421	Chrom
4540	Schwermetalle	1250	Edelmetalle
4540	Schwermetalle	2732682	Kupfer
4540	Schwermetalle	2936	Leichtmetalle
4540	Schwermetalle	3522	Nickel
4540	Schwermetalle	2481872	Uran
4540	Schwermetalle	5758	Zinn
4541	Strontium	1304	Elektronenkonfiguration
4541	Strontium	692604	Erdalkalimetalle
4541	Strontium	2634	Krypton
4541	Strontium	3702	Ordnungszahl
4542	Scandium	96	Argon
4542	Scandium	1304	Elektronenkonfiguration
4542	Scandium	2936	Leichtmetalle
4542	Scandium	3702	Ordnungszahl
4544	Selen	96	Argon
4544	Selen	810	Chalkogene
4544	Selen	1304	Elektronenkonfiguration
4544	Selen	3702	Ordnungszahl
4547	Schwefel	810	Chalkogene
4547	Schwefel	1304	Elektronenkonfiguration
4547	Schwefel	3517	Neon
4548	Samarium	1304	Elektronenkonfiguration
4548	Samarium	2934	Lanthanoide
4548	Samarium	3702	Ordnungszahl
4548	Samarium	5729	Xenon
4554	Internationales Einheitensystem	801	Candela
4554	Internationales Einheitensystem	2141	Henry (Einheit)
4554	Internationales Einheitensystem	2142	Hertz (Einheit)
4554	Internationales Einheitensystem	3170	Meter
4554	Internationales Einheitensystem	3171	Mol
4554	Internationales Einheitensystem	3527	Newton (Einheit)
4554	Internationales Einheitensystem	3865	Pascal (Einheit)
4554	Internationales Einheitensystem	4559	Siemens (Einheit)
4554	Internationales Einheitensystem	5054	Tesla (Einheit)
4554	Internationales Einheitensystem	5549	Watt (Einheit)
4554	Internationales Einheitensystem	5550	Weber (Einheit)
4554	Internationales Einheitensystem	5761	Zeit
4557	Stunde	3177	Minute
4560	Stilb	801	Candela
4562	Short hundredweight	3869	Pound
4563	Stone (Einheit)	3869	Pound
4564	Short quarter	2949	Long quarter
4564	Short quarter	3869	Pound
4564	Short quarter	4178	Quarter
4565	Scrupel	1813	Gramm
4566	Amerikanische Tonne	3869	Pound
4567	Mile (Einheit)	1580	Furlong
4567	Mile (Einheit)	3170	Meter
4567	Mile (Einheit)	3526	Nautical mile
4569	Suzanne Vega	3183	Mailingliste
4581	Lepsius-Alphabet	2652	Karl Richard Lepsius
4593	Stephen Hawking	2699	Kosmologie
4613	Seide	5085	Textilfaser
4615	Suchmaschine	1337347	Google
4618	Spätmittelalter	5849	16. Jahrhundert
4618	Spätmittelalter	583	Bibel
4618	Spätmittelalter	1850	Gott
4625	Science-Fiction	2372	Isaac Asimov
4625	Science-Fiction	3552	Neal Stephenson
4625	Science-Fiction	4671	Stephen Baxter
4625	Science-Fiction	5586	William Gibson
4644	Sowjetische Besatzungszone	1497705	Deutschland
4644	Sowjetische Besatzungszone	5767	Zweiter Weltkrieg
4645	Spree	1497705	Deutschland
4645	Spree	1013354	Fluß
4663	Saarland	1497705	Deutschland
4666	Schleswig-Holstein	4998071	Dänemark
4666	Schleswig-Holstein	3466135	Elbe
4666	Schleswig-Holstein	2822460	Kiel
4666	Schleswig-Holstein	3504	Nordsee
4666	Schleswig-Holstein	5767	Zweiter Weltkrieg
4671	Stephen Baxter	3003238	England
4672	Schimon Peres	143	Ariel Sharon
4672	Schimon Peres	688984	Israel
5022	Tom Tykwer	3687114	Wuppertal
5032	Tom Hanks	3686	Oscar
5039	Transurane	3702	Ordnungszahl
5039	Transurane	2481872	Uran
5041	Titan	96	Argon
5041	Titan	1304	Elektronenkonfiguration
5041	Titan	3702	Ordnungszahl
5042	Thulium	1304	Elektronenkonfiguration
5042	Thulium	2934	Lanthanoide
5042	Thulium	3702	Ordnungszahl
5042	Thulium	5729	Xenon
5043	Thallium	1304	Elektronenkonfiguration
5043	Thallium	3702	Ordnungszahl
5043	Thallium	5729	Xenon
5044	Tantal	1304	Elektronenkonfiguration
5044	Tantal	3702	Ordnungszahl
5044	Tantal	5729	Xenon
5045	Technetium	1304	Elektronenkonfiguration
5045	Technetium	2634	Krypton
5045	Technetium	3702	Ordnungszahl
5045	Technetium	4540	Schwermetalle
5046	Tellur	810	Chalkogene
5046	Tellur	1304	Elektronenkonfiguration
5046	Tellur	2634	Krypton
5046	Tellur	3702	Ordnungszahl
5047	Terbium	1304	Elektronenkonfiguration
5047	Terbium	2934	Lanthanoide
5047	Terbium	3702	Ordnungszahl
5047	Terbium	5729	Xenon
5048	Thorium	1304	Elektronenkonfiguration
5048	Thorium	3702	Ordnungszahl
5048	Thorium	2661504	Radon
5053	Tag	4557	Stunde
5053	Tag	5761	Zeit
5054	Tesla (Einheit)	3170	Meter
5054	Tesla (Einheit)	5550	Weber (Einheit)
5055	Torr	496	Bar
5055	Torr	3865	Pascal (Einheit)
5055	Torr	4176	Quecksilber
5060	Toulouse	5846	19. Jahrhundert
5060	Toulouse	5767	Zweiter Weltkrieg
5060	Toulouse	127	Albigenser
5060	Toulouse	181	Atlantischer Ozean
5060	Toulouse	1497705	Deutschland
5060	Toulouse	2706	Kreuzzug
5060	Toulouse	3189	Maschinenbau
5060	Toulouse	4264	Renaissance
5060	Toulouse	5062	Thomas von Aquin
5062	Thomas von Aquin	2648	Köln
5062	Thomas von Aquin	3196	Mittelalter
5062	Thomas von Aquin	2191908	Philosoph
5065	Terrorismus	3176253	Rote Armee Fraktion
5070	Taliban	3222	Macht
5071	Terroranschläge am 11. September 2001	3709	Osama bin Laden
5071	Terroranschläge am 11. September 2001	3890	Pentagon
5071	Terroranschläge am 11. September 2001	5070	Taliban
5071	Terroranschläge am 11. September 2001	5065	Terrorismus
5071	Terroranschläge am 11. September 2001	5569	Washington, D.C.
5071	Terroranschläge am 11. September 2001	5558	World Trade Center
5076	Tübingen	3536	Neckar
5080	Theismus	1850	Gott
5085	Textilfaser	4613	Seide
5088	Ablauf der Terroranschläge am 11. September 2001	1848	George W. Bush
5088	Ablauf der Terroranschläge am 11. September 2001	3185	Manhattan
5088	Ablauf der Terroranschläge am 11. September 2001	3709	Osama bin Laden
5088	Ablauf der Terroranschläge am 11. September 2001	3890	Pentagon
5088	Ablauf der Terroranschläge am 11. September 2001	5070	Taliban
5088	Ablauf der Terroranschläge am 11. September 2001	5569	Washington, D.C.
5088	Ablauf der Terroranschläge am 11. September 2001	5558	World Trade Center
5109	Thorwald Dethlefsen	1239	Esoterik
5109	Thorwald Dethlefsen	3215	München
5112	Tetraeder	3903	Platonischer Körper
5114	Tcl	2923	Lisp
5115	Telnet	3540	Newsgroup
5117	Kanton Thurgau	540	Bodensee
5117	Kanton Thurgau	2415245	Frauenfeld
5117	Kanton Thurgau	2180	Hauptstadt
5310	Unified Messaging	1263	E-Mail
5312	Unfallchirurgie	130	Außenbandruptur des oberen Sprunggelenkes
5312	Unfallchirurgie	3883	Pertrochantäre Femurfraktur
5313	Ufoglaube	4241	Raelismus
5320	Unkündbarkeit	2690	Kündigungsschutzgesetz
5321	UNESCO	5590	Weltkulturerbe
5324	Rutherfordium	1304	Elektronenkonfiguration
5324	Rutherfordium	3702	Ordnungszahl
5324	Rutherfordium	2661504	Radon
5325	Dubnium	1304	Elektronenkonfiguration
5325	Dubnium	3702	Ordnungszahl
5325	Dubnium	2661504	Radon
5385	Viszeralchirurgie	2963	Laparoskopische Chirurgie
5393	Vendelzeit	4411	Schweden
5394	Virginia Woolf	3003238	England
5397	Vitellius	3730	Otho
5397	Vitellius	5399	Vespasian
5399	Vespasian	5397	Vitellius
5404	Virtuelle Realität	2653	Künstliche Intelligenz
5492	Woody Allen	556	Baseball
5492	Woody Allen	557	Basketball
5492	Woody Allen	800	Charlie Chaplin
5492	Woody Allen	3185	Manhattan
5492	Woody Allen	3686	Oscar
5500	Wicca	2371	Initiation
5542	Warren Beatty	3686	Oscar
5543	Western	2473	John Ford
5546	Wismut	1304	Elektronenkonfiguration
5546	Wismut	3702	Ordnungszahl
5546	Wismut	4540	Schwermetalle
5546	Wismut	5729	Xenon
5552	Weltlich	213223	Säkular
5553	Wiki	2151	Hypertext
5557	Wirbeltiere	4633	Knorpelfische
5557	Wirbeltiere	5387	Vogelarten
5560	Wall Street	579	Börse
5560	Wall Street	3185	Manhattan
5572	Walmart	3687114	Wuppertal
5577	Windows 3.11	5576	Windows 3.1
5582	Wiener Kongreß	5846	19. Jahrhundert
5589	Weichsel	5595	Warschau
5590	Weltkulturerbe	5917	1983
5590	Weltkulturerbe	3723873	Bern
5590	Weltkulturerbe	5321	UNESCO
5595	Warschau	2180	Hauptstadt
5595	Warschau	5589	Weichsel
5603	Wilhelm Schickard	5402	Vier-Spezies-Maschine
5604	Wasserstoffbrennen	2135	Helium
5604	Wasserstoffbrennen	3523	Neutron
5604	Wasserstoffbrennen	3858	Proton
5604	Wasserstoffbrennen	4660	Sterne
5729	Xenon	1252	Edelgase
5729	Xenon	1304	Elektronenkonfiguration
5729	Xenon	2634	Krypton
5729	Xenon	3702	Ordnungszahl
5740	Ytterbium	1304	Elektronenkonfiguration
5740	Ytterbium	2934	Lanthanoide
5740	Ytterbium	3702	Ordnungszahl
5740	Ytterbium	5729	Xenon
5741	Yttrium	1304	Elektronenkonfiguration
5741	Yttrium	2634	Krypton
5741	Yttrium	3702	Ordnungszahl
5742	Yard	2347	Inch
5742	Yard	3170	Meter
5748	Zeitdimension	3508	Niklas Luhmann
5748	Zeitdimension	4451	Soziologische Systemtheorie
5748	Zeitdimension	5761	Zeit
5752	Zeitgeschichte	2462	Jahreskalender
5752	Zeitgeschichte	5753	Zeitskala
5753	Zeitskala	2509	Jahresübersicht
5753	Zeitskala	5752	Zeitgeschichte
5754	Zukunftstechnologie	2653	Künstliche Intelligenz
5755	Zeichentrickfilm	81	Anime
5758	Zinn	1304	Elektronenkonfiguration
5758	Zinn	2634	Krypton
5758	Zinn	3702	Ordnungszahl
5758	Zinn	4540	Schwermetalle
5760	Zentralbank	1021	Deutsche Bundesbank
5760	Zentralbank	1497705	Deutschland
5760	Zentralbank	1809	Gold
5760	Zentralbank	4411	Schweden
5761	Zeit	2513	Jahr
5761	Zeit	3177	Minute
5761	Zeit	4557	Stunde
5761	Zeit	5053	Tag
5762	Zwölftontechnik	155	Atonale Musik
5762	Zwölftontechnik	2702	Konsonanz
5767	Zweiter Weltkrieg	5829	1939
5770	Zusammengefasste Geburtenziffer	947954	Sozialstruktur
5829	1939	5851	1930er
5829	1939	5767	Zweiter Weltkrieg
5831	1933	5851	1930er
5831	1933	1497705	Deutschland
5833	1969	5855	1960er
5838	Ägyptisches Museum Berlin	2552494	Berlin
5838	Ägyptisches Museum Berlin	2652	Karl Richard Lepsius
5841	2000er	5854	1900er
5841	2000er	5850	1920er
5841	2000er	5851	1930er
5841	2000er	5852	1940er
5841	2000er	5853	1950er
5841	2000er	5855	1960er
5841	2000er	5857	1980er
5841	2000er	5858	1990er
5841	2000er	5846	19. Jahrhundert
5841	2000er	5844	20. Jahrhundert
5841	2000er	5843	21. Jahrhundert
5841	2000er	2509	Jahresübersicht
5843	21. Jahrhundert	5847	18. Jahrhundert
5843	21. Jahrhundert	5846	19. Jahrhundert
5843	21. Jahrhundert	5841	2000er
5843	21. Jahrhundert	5844	20. Jahrhundert
5844	20. Jahrhundert	5847	18. Jahrhundert
5844	20. Jahrhundert	5854	1900er
5844	20. Jahrhundert	5845	1910er
5844	20. Jahrhundert	495881	1918
5844	20. Jahrhundert	5850	1920er
5844	20. Jahrhundert	5851	1930er
5844	20. Jahrhundert	5829	1939
5844	20. Jahrhundert	5852	1940er
5844	20. Jahrhundert	5853	1950er
5844	20. Jahrhundert	5855	1960er
5844	20. Jahrhundert	5857	1980er
5844	20. Jahrhundert	5858	1990er
5844	20. Jahrhundert	5846	19. Jahrhundert
5844	20. Jahrhundert	690195	Erster Weltkrieg
5844	20. Jahrhundert	5843	21. Jahrhundert
5844	20. Jahrhundert	5767	Zweiter Weltkrieg
5844	20. Jahrhundert	2509	Jahresübersicht
5845	1910er	5854	1900er
5845	1910er	495881	1918
5845	1910er	5850	1920er
5845	1910er	5851	1930er
5845	1910er	5852	1940er
5845	1910er	5853	1950er
5845	1910er	5855	1960er
5845	1910er	5857	1980er
5845	1910er	5858	1990er
5845	1910er	5846	19. Jahrhundert
5845	1910er	5844	20. Jahrhundert
5845	1910er	5843	21. Jahrhundert
5846	19. Jahrhundert	5848	17. Jahrhundert
5846	19. Jahrhundert	5863	1870er
5846	19. Jahrhundert	5861	1880er
5846	19. Jahrhundert	5862	1890er
5846	19. Jahrhundert	5847	18. Jahrhundert
5846	19. Jahrhundert	5844	20. Jahrhundert
5846	19. Jahrhundert	5843	21. Jahrhundert
5847	18. Jahrhundert	5849	16. Jahrhundert
5847	18. Jahrhundert	5848	17. Jahrhundert
5847	18. Jahrhundert	5846	19. Jahrhundert
5847	18. Jahrhundert	5844	20. Jahrhundert
5848	17. Jahrhundert	5969	15. Jahrhundert
5848	17. Jahrhundert	5926	1648
5848	17. Jahrhundert	5849	16. Jahrhundert
5848	17. Jahrhundert	5847	18. Jahrhundert
5848	17. Jahrhundert	5846	19. Jahrhundert
5849	16. Jahrhundert	5970	1510er
5849	16. Jahrhundert	5969	15. Jahrhundert
5849	16. Jahrhundert	5848	17. Jahrhundert
5849	16. Jahrhundert	2642	Kirche
5850	1920er	5854	1900er
5850	1920er	5845	1910er
5850	1920er	5851	1930er
5850	1920er	5852	1940er
5850	1920er	5853	1950er
5850	1920er	5855	1960er
5850	1920er	5857	1980er
5850	1920er	5858	1990er
5850	1920er	5846	19. Jahrhundert
5850	1920er	5844	20. Jahrhundert
5850	1920er	5843	21. Jahrhundert
5851	1930er	5854	1900er
5851	1930er	5845	1910er
5851	1930er	5850	1920er
5851	1930er	5831	1933
5851	1930er	5829	1939
5851	1930er	5852	1940er
5851	1930er	5853	1950er
5851	1930er	5855	1960er
5851	1930er	5857	1980er
5851	1930er	5858	1990er
5851	1930er	5846	19. Jahrhundert
5851	1930er	5844	20. Jahrhundert
5851	1930er	5843	21. Jahrhundert
5851	1930er	5767	Zweiter Weltkrieg
5852	1940er	5854	1900er
5852	1940er	5845	1910er
5852	1940er	5850	1920er
5852	1940er	5851	1930er
5852	1940er	5853	1950er
5852	1940er	5855	1960er
5852	1940er	5857	1980er
5852	1940er	5858	1990er
5852	1940er	5846	19. Jahrhundert
5852	1940er	5844	20. Jahrhundert
5852	1940er	5843	21. Jahrhundert
5852	1940er	5767	Zweiter Weltkrieg
5853	1950er	5854	1900er
5853	1950er	5845	1910er
5853	1950er	5850	1920er
5853	1950er	5851	1930er
5853	1950er	5852	1940er
5853	1950er	5964	1958
5853	1950er	5855	1960er
5853	1950er	5857	1980er
5853	1950er	5858	1990er
5853	1950er	5846	19. Jahrhundert
5853	1950er	5844	20. Jahrhundert
5853	1950er	5843	21. Jahrhundert
5854	1900er	5845	1910er
5854	1900er	5850	1920er
5854	1900er	5851	1930er
5854	1900er	5852	1940er
5854	1900er	5853	1950er
5854	1900er	5855	1960er
5854	1900er	5857	1980er
5854	1900er	5858	1990er
5854	1900er	5846	19. Jahrhundert
5854	1900er	5844	20. Jahrhundert
5854	1900er	5843	21. Jahrhundert
5855	1960er	5854	1900er
5855	1960er	5845	1910er
5855	1960er	5850	1920er
5855	1960er	5851	1930er
5855	1960er	5852	1940er
5855	1960er	5853	1950er
5855	1960er	5859	1961
5855	1960er	5833	1969
5855	1960er	5857	1980er
5855	1960er	5858	1990er
5855	1960er	5846	19. Jahrhundert
5855	1960er	5844	20. Jahrhundert
5855	1960er	5843	21. Jahrhundert
5855	1960er	549	Berliner Mauer
5857	1980er	5854	1900er
5857	1980er	5845	1910er
5857	1980er	5850	1920er
5857	1980er	5851	1930er
5857	1980er	5852	1940er
5857	1980er	5853	1950er
5857	1980er	5855	1960er
5857	1980er	5867	1980
5857	1980er	5917	1983
5857	1980er	5858	1990er
5857	1980er	5846	19. Jahrhundert
5857	1980er	5844	20. Jahrhundert
5857	1980er	5843	21. Jahrhundert
5858	1990er	5854	1900er
5858	1990er	5845	1910er
5858	1990er	5850	1920er
5858	1990er	5851	1930er
5858	1990er	5852	1940er
5858	1990er	5853	1950er
5858	1990er	5855	1960er
5858	1990er	5857	1980er
5858	1990er	5846	19. Jahrhundert
5858	1990er	5844	20. Jahrhundert
5858	1990er	5843	21. Jahrhundert
5858	1990er	1862	Grunge
5859	1961	5852	1940er
5859	1961	5853	1950er
5859	1961	5964	1958
5859	1961	5855	1960er
5859	1961	5857	1980er
5859	1961	5846	19. Jahrhundert
5859	1961	5844	20. Jahrhundert
5859	1961	5843	21. Jahrhundert
5859	1961	549	Berliner Mauer
5860	1889	5861	1880er
5861	1880er	5863	1870er
5861	1880er	5907	1883
5861	1880er	5860	1889
5861	1880er	5862	1890er
5861	1880er	5847	18. Jahrhundert
5861	1880er	5846	19. Jahrhundert
5861	1880er	5844	20. Jahrhundert
5862	1890er	5863	1870er
5862	1890er	5861	1880er
5862	1890er	5874	1891
5862	1890er	5966	1897
5862	1890er	5847	18. Jahrhundert
5862	1890er	5846	19. Jahrhundert
5862	1890er	5844	20. Jahrhundert
5863	1870er	5904	1879
5863	1870er	5861	1880er
5863	1870er	5862	1890er
5863	1870er	5847	18. Jahrhundert
5863	1870er	5846	19. Jahrhundert
5863	1870er	5844	20. Jahrhundert
5867	1980	5857	1980er
5867	1980	5876	24. Dezember
5867	1980	5878	29. April
5867	1980	77	Alfred Hitchcock
5868	1536	5849	16. Jahrhundert
5868	1536	5869	7. Januar
5869	7. Januar	5868	1536
5871	14. Mai	3176253	Rote Armee Fraktion
5873	20. April	3176253	Rote Armee Fraktion
5874	1891	5875	16. September
5874	1891	5862	1890er
5875	16. September	5898	1736
5875	16. September	5874	1891
5876	24. Dezember	5867	1980
5878	29. April	5867	1980
5878	29. April	77	Alfred Hitchcock
5890	17. Februar	5891	1600
5891	1600	5890	17. Februar
5891	1600	5848	17. Jahrhundert
5896	1686	5848	17. Jahrhundert
5898	1736	5875	16. September
5898	1736	5847	18. Jahrhundert
5901	18. Dezember	2622	Konrad Zuse
5904	1879	5863	1870er
5907	1883	5861	1880er
5907	1883	2664	Karl Marx
5917	1983	5857	1980er
5922	1749	5847	18. Jahrhundert
5925	1818	5846	19. Jahrhundert
5925	1818	2664	Karl Marx
5926	1648	5848	17. Jahrhundert
5934	2. Januar	2372	Isaac Asimov
5970	1510er	5971	1517
5970	1510er	5969	15. Jahrhundert
5970	1510er	5849	16. Jahrhundert
5970	1510er	5848	17. Jahrhundert
5971	1517	1967062	Martin Luther
5973	29. September	1283	Edmund Stoiber
5980	Äthiopien	1305	Eritrea
61490	James Buchanan	141	Abraham Lincoln
207592	Joshua Norton	5867	1980
207592	Joshua Norton	3003238	England
213223	Säkular	2642	Kirche
213223	Säkular	5552	Weltlich
327818	Deutsche Demokratische Republik	5883	3. Oktober
327818	Deutsche Demokratische Republik	2552494	Berlin
338263	Idioten	1069	Das Fest
338263	Idioten	2918	Lars von Trier
495881	1918	690195	Erster Weltkrieg
496959	Jennifer Lopez	3822	Popmusik
497693	Universal Mobile Telecommunications System	817	Chat
688984	Israel	143	Ariel Sharon
690195	Erster Weltkrieg	495881	1918
691442	Whitney Houston	3822	Popmusik
692604	Erdalkalimetalle	489	Barium
692604	Erdalkalimetalle	490	Beryllium
692604	Erdalkalimetalle	802	Calcium
692604	Erdalkalimetalle	3173	Magnesium
692604	Erdalkalimetalle	3840	Periodensystem
692604	Erdalkalimetalle	4228	Radium
692604	Erdalkalimetalle	4541	Strontium
852604	Türkei	148	Ankara
852604	Türkei	173	Asien
852604	Türkei	550	Bosporus
852604	Türkei	2358	Istanbul
869442	ABBA	5855	1960er
869442	ABBA	5867	1980
869442	ABBA	4411	Schweden
909333	Herrenberg	4597	Schönbuch
947954	Sozialstruktur	572	Bevölkerung
947954	Sozialstruktur	5770	Zusammengefasste Geburtenziffer
1084517	Cannabis als Rauschmittel	1167859	Droge
1167859	Droge	1228111	Ecstasy
1167859	Droge	2163	Heroin
1167859	Droge	2960	LSD
1337347	Google	4615	Suchmaschine
1497705	Deutschland	1497705	Deutschland
1784165	Bergen	3548	Norwegen
1967062	Martin Luther	5971	1517
2164245	Neo-Noir	1561	Fritz Lang
2164245	Neo-Noir	2128	Hollywood
2164245	Neo-Noir	2927	Low-Key-Beleuchtung
2164245	Neo-Noir	3699	Orson Welles
2164245	Neo-Noir	4218	Robert Siodmak
2481872	Uran	1304	Elektronenkonfiguration
2481872	Uran	3702	Ordnungszahl
2481872	Uran	2661504	Radon
2481872	Uran	4540	Schwermetalle
2497496	Wikinger	4998071	Dänemark
2497496	Wikinger	3003238	England
2497496	Wikinger	3548	Norwegen
2497496	Wikinger	4411	Schweden
2497496	Wikinger	5590	Weltkulturerbe
2552494	Berlin	5850	1920er
2552494	Berlin	327818	Deutsche Demokratische Republik
2552494	Berlin	1497705	Deutschland
2552494	Berlin	4645	Spree
2552494	Berlin	5767	Zweiter Weltkrieg
2661504	Radon	1252	Edelgase
2661504	Radon	1304	Elektronenkonfiguration
2661504	Radon	3702	Ordnungszahl
2661504	Radon	4228	Radium
2661504	Radon	5729	Xenon
2732682	Kupfer	96	Argon
2732682	Kupfer	1304	Elektronenkonfiguration
2732682	Kupfer	3702	Ordnungszahl
2851368	Vanadium	96	Argon
2851368	Vanadium	1304	Elektronenkonfiguration
2851368	Vanadium	3702	Ordnungszahl
2943560	MacOS	584	BSD
2943560	MacOS	3554	Next Step
2947921	Doppelte Kontingenz	3508	Niklas Luhmann
2978290	Wirtschaft Kubas	1595	Fidel Castro
3074421	Chrom	96	Argon
3074421	Chrom	1304	Elektronenkonfiguration
3074421	Chrom	3702	Ordnungszahl
3176253	Rote Armee Fraktion	5871	14. Mai
3176253	Rote Armee Fraktion	5873	20. April
3176253	Rote Armee Fraktion	1038	Deutscher Herbst
3466135	Elbe	1497705	Deutschland
3466135	Elbe	3504	Nordsee
3560707	Parawissenschaft	3917	PK-Effekt
3560707	Parawissenschaft	3916	Poltergeist
3560707	Parawissenschaft	5119	Telekinese
3560707	Parawissenschaft	5118	Telepathie
3560707	Parawissenschaft	2569891	UFO
3687114	Wuppertal	1497705	Deutschland
3687114	Wuppertal	688984	Israel
3687114	Wuppertal	2648	Köln
3723464	Dalai Lama	581	Buddhismus
3925329	Cyrus Griffin	5922	1749
4140821	Phosphor	1304	Elektronenkonfiguration
4140821	Phosphor	3517	Neon
4140821	Phosphor	3702	Ordnungszahl
4164462	Steganographie	583	Bibel
4164462	Steganographie	5605	Wasserzeichen
4232090	Cobalt	96	Argon
4232090	Cobalt	1304	Elektronenkonfiguration
4232090	Cobalt	3702	Ordnungszahl
4268686	Wolfram	1304	Elektronenkonfiguration
4268686	Wolfram	3702	Ordnungszahl
4268686	Wolfram	5729	Xenon
4354417	Bionik	1567	Frederic Vester
4465880	Cannabis und Cannabinoide als Arzneimittel	1167859	Droge
4544386	SECD-Maschine	5867	1980
4630388	Denk-Sport-Organisation	3003238	England
4630388	Denk-Sport-Organisation	2688	Korea
4680746	Strich drunter	3003238	England
4998071	Dänemark	1497705	Deutschland
4998071	Dänemark	2682	Kopenhagen
4998071	Dänemark	3504	Nordsee
5008510	A. E. Housman	3003238	England
5088811	Henry Bruce, 1. Baron Aberdare	5874	1891
5192796	Lagâri Hasan Çelebi	550	Bosporus
5241175	Demografie Eritreas	1305	Eritrea
5279410	Fight Club (Roman)	1000	David Fincher
5316972	Christoph Ludwig Agricola	3003238	England
5319134	Jeff Cooper	2688	Korea
5451442	Acorn Electron	5451442	Acorn Electron
5682609	Republik Afghanistan	2357	Islamabad
5708377	American League Division Series	556	Baseball
5709936	National League Division Series	556	Baseball
5710294	American League Championship Series	5833	1969
5710294	American League Championship Series	5867	1980
5710294	American League Championship Series	5917	1983
5710294	American League Championship Series	556	Baseball
5710427	National League Championship Series	5833	1969
5710427	National League Championship Series	5867	1980
5710427	National League Championship Series	5917	1983
5710427	National League Championship Series	556	Baseball
5879438	Seekrieg im Ersten Weltkrieg	495881	1918
6641781	Crash (Roman)	1008	David Cronenberg
7723741	Goldimitate	1250	Edelmetalle
7723741	Goldimitate	1304	Elektronenkonfiguration
7723741	Goldimitate	3702	Ordnungszahl
7723741	Goldimitate	5729	Xenon
7853968	Roberto Clemente	556	Baseball
7926969	Helium-3	1602	Fusion
7926969	Helium-3	2135	Helium
7926969	Helium-3	2640	Kelvin
7926969	Helium-3	3523	Neutron
7926969	Helium-3	3858	Proton
7965639	Sozialstrukturanalyse	572	Bevölkerung
7965639	Sozialstrukturanalyse	5770	Zusammengefasste Geburtenziffer
8164410	Weißer Nil	5980	Äthiopien
8164410	Weißer Nil	8164410	Weißer Nil
8765832	Liste von Terroranschlägen	3176253	Rote Armee Fraktion
8783837	Knaresborough Castle	3003238	England
8888221	Papst (Titel)	5829	1939
8888221	Papst (Titel)	5964	1958
9000720	GNU Manifesto	1883	GNU/Linux
9005066	Freie-Software-Bewegung	9000720	GNU Manifesto
9561168	Google Vermisstensuche	4615	Suchmaschine
9831218	Geschichte der künstlichen Intelligenz	2618	Kybernetik
9860643	Finsteres Mittelalter	3003238	England
9860643	Finsteres Mittelalter	1609	Frühmittelalter
9860643	Finsteres Mittelalter	2177	Hochmittelalter
9860643	Finsteres Mittelalter	4264	Renaissance
9860643	Finsteres Mittelalter	4618	Spätmittelalter
